frame_idx,timestamp,cx_det,cy_det,confidence,command_det
0,1765269052.8466558,248,397,0.99960583,FORWARD
1,1765269053.0481858,248,397,0.99960583,FORWARD
2,1765269053.0788517,248,397,0.99960583,FORWARD
3,1765269053.10466,248,397,0.99960583,FORWARD
4,1765269053.127057,248,397,0.99960774,FORWARD
5,1765269053.1519148,248,397,0.99961084,FORWARD
6,1765269053.1741471,248,397,0.9996394,FORWARD
7,1765269053.197775,248,397,0.99961156,FORWARD
8,1765269053.220864,248,396,0.9996202,FORWARD
9,1765269053.2423005,248,396,0.9995353,FORWARD
10,1765269053.2640934,248,396,0.9994991,FORWARD
11,1765269053.2849846,248,396,0.9994999,FORWARD
12,1765269053.3065636,248,396,0.9995726,FORWARD
13,1765269053.328325,248,396,0.9995222,FORWARD
14,1765269053.3527668,248,396,0.9994893,FORWARD
15,1765269053.37709,248,396,0.9994886,FORWARD
16,1765269053.4030828,248,395,0.9995166,FORWARD
17,1765269053.433327,248,395,0.9995148,FORWARD
18,1765269053.4667072,248,395,0.9995034,FORWARD
19,1765269053.499885,248,396,0.99956757,FORWARD
20,1765269053.5386412,248,396,0.99955744,FORWARD
21,1765269053.5782018,248,396,0.99955636,FORWARD
22,1765269053.6059809,248,395,0.9995553,FORWARD
23,1765269053.6435368,248,395,0.9995597,FORWARD
24,1765269053.6734362,248,396,0.99957424,FORWARD
25,1765269053.7104127,248,396,0.99958867,FORWARD
26,1765269053.7414699,248,396,0.9995708,FORWARD
27,1765269053.7719686,248,395,0.9995449,FORWARD
28,1765269053.7987697,248,396,0.9995437,FORWARD
29,1765269053.8231864,248,396,0.9994854,FORWARD
30,1765269053.8478823,248,396,0.99950206,FORWARD
31,1765269053.8714173,249,396,0.9994899,FORWARD
32,1765269053.894033,249,396,0.99950385,FORWARD
33,1765269053.920449,248,396,0.9995371,FORWARD
34,1765269053.954619,249,396,0.99953425,FORWARD
35,1765269053.979918,249,396,0.99952877,FORWARD
36,1765269054.009015,249,396,0.9995351,FORWARD
37,1765269054.0389183,248,396,0.9995371,FORWARD
38,1765269054.0700624,248,396,0.99951005,FORWARD
39,1765269054.1011765,249,395,0.99949956,FORWARD
40,1765269054.129889,249,396,0.9993622,FORWARD
41,1765269054.1579182,249,396,0.9994142,FORWARD
42,1765269054.1846812,249,395,0.99934834,FORWARD
43,1765269054.2107112,249,395,0.9994019,FORWARD
44,1765269054.2404401,248,396,0.99953306,FORWARD
45,1765269054.2697957,248,396,0.99947613,FORWARD
46,1765269054.2943501,248,395,0.99947804,FORWARD
47,1765269054.3200278,248,396,0.9995745,FORWARD
48,1765269054.3493376,248,395,0.9996232,FORWARD
49,1765269054.3805888,248,395,0.99961674,FORWARD
50,1765269054.4089935,248,395,0.99962974,FORWARD
51,1765269054.442585,248,395,0.99965584,FORWARD
52,1765269054.4697363,248,396,0.9995926,FORWARD
53,1765269054.4951587,248,395,0.9995759,FORWARD
54,1765269054.5195386,248,395,0.99957806,FORWARD
55,1765269054.5460782,248,395,0.9995783,FORWARD
56,1765269054.5692506,248,395,0.9995726,FORWARD
57,1765269054.595802,248,395,0.99949706,FORWARD
58,1765269054.6203701,247,394,0.99941754,FORWARD
59,1765269054.646024,247,394,0.99943775,FORWARD
60,1765269054.6708457,247,393,0.9993548,FORWARD
61,1765269054.7006533,247,393,0.99926275,FORWARD
62,1765269054.7219696,247,394,0.9992716,FORWARD
63,1765269054.7436047,247,393,0.9991672,FORWARD
64,1765269054.7664115,247,395,0.99927264,FORWARD
65,1765269054.7871068,247,395,0.9991904,FORWARD
66,1765269054.8086653,246,394,0.99909735,FORWARD
67,1765269054.8309507,247,394,0.9994466,FORWARD
68,1765269054.8526163,246,394,0.99935716,FORWARD
69,1765269054.8733423,247,393,0.99931765,FORWARD
70,1765269054.894071,247,393,0.99941206,FORWARD
71,1765269054.9154599,247,390,0.99926406,FORWARD
72,1765269054.9347296,247,390,0.99912673,FORWARD
73,1765269054.9568946,246,390,0.999084,FORWARD
74,1765269054.9765568,245,393,0.9991762,FORWARD
75,1765269054.9961457,244,394,0.9992436,FORWARD
76,1765269055.0157535,244,392,0.9994702,FORWARD
77,1765269055.0368257,244,392,0.99947697,FORWARD
78,1765269055.0594265,245,390,0.9995915,FORWARD
79,1765269055.0806966,244,393,0.99891496,FORWARD
80,1765269055.102468,243,390,0.99915683,FORWARD
81,1765269055.122366,242,390,0.99917173,FORWARD
82,1765269055.1431096,240,387,0.999542,FORWARD
83,1765269055.1643407,242,390,0.9978181,FORWARD
84,1765269055.1870828,242,392,0.9969874,FORWARD
85,1765269055.2090967,242,390,0.9987451,FORWARD
86,1765269055.2301536,240,395,0.99843377,FORWARD
87,1765269055.2517633,241,393,0.9979522,FORWARD
88,1765269055.2727478,240,394,0.99802893,FORWARD
89,1765269055.293334,240,394,0.9980292,FORWARD
90,1765269055.3143268,238,394,0.99928623,FORWARD
91,1765269055.333435,238,393,0.998514,FORWARD
92,1765269055.3546255,238,391,0.99808735,FORWARD
93,1765269055.3789518,238,392,0.9992316,FORWARD
94,1765269055.4007952,238,393,0.99948776,FORWARD
95,1765269055.4229326,236,391,0.9994974,FORWARD
96,1765269055.4448187,236,393,0.99891305,FORWARD
97,1765269055.4695392,235,393,0.9980762,FORWARD
98,1765269055.493338,235,393,0.9992459,FORWARD
99,1765269055.516727,235,392,0.9995028,FORWARD
100,1765269055.5413685,234,393,0.9980889,FORWARD
101,1765269055.5675247,234,392,0.9992768,FORWARD
102,1765269055.59297,234,394,0.99838114,FORWARD
103,1765269055.6137457,233,407,0.9879419,FORWARD
104,1765269055.6409504,235,409,0.9732842,FORWARD
105,1765269055.6637378,233,402,0.96498305,FORWARD
106,1765269055.6838198,233,402,0.9732555,FORWARD
107,1765269055.7055273,232,404,0.96538794,FORWARD
108,1765269055.7259853,232,403,0.9978678,FORWARD
109,1765269055.7510667,231,400,0.99858826,FORWARD
110,1765269055.7711287,231,399,0.99922097,FORWARD
111,1765269055.7904603,230,405,0.9953941,FORWARD
112,1765269055.8091466,229,413,0.97663045,FORWARD
113,1765269055.8327763,229,429,0.9749971,FORWARD
114,1765269055.8549397,229,418,0.9734171,FORWARD
115,1765269055.8752813,229,408,0.9874328,FORWARD
116,1765269055.8974516,226,409,0.9967714,FORWARD
117,1765269055.91878,227,404,0.9989981,FORWARD
118,1765269055.9382706,226,404,0.999278,FORWARD
119,1765269055.9587965,225,408,0.99545234,FORWARD
120,1765269055.9806218,226,408,0.99749494,FORWARD
121,1765269056.0021045,227,406,0.99183965,FORWARD
122,1765269056.0222783,225,405,0.99930227,FORWARD
123,1765269056.0432725,224,407,0.9984256,FORWARD
124,1765269056.0649302,223,405,0.99855775,FORWARD
125,1765269056.0852804,223,408,0.9983789,FORWARD
126,1765269056.105432,223,410,0.99661106,FORWARD
127,1765269056.127515,222,403,0.9993975,FORWARD
128,1765269056.148572,222,404,0.999074,FORWARD
129,1765269056.168996,224,401,0.99786204,FORWARD
130,1765269056.1886978,223,407,0.9989561,FORWARD
131,1765269056.2112803,222,405,0.9989819,FORWARD
132,1765269056.2333326,223,406,0.9987363,FORWARD
133,1765269056.254005,222,423,0.99523586,FORWARD
134,1765269056.2746625,222,427,0.9944336,FORWARD
135,1765269056.296561,221,439,0.9951102,FORWARD
136,1765269056.3170912,222,424,0.996582,FORWARD
137,1765269056.3381286,222,428,0.9971053,FORWARD
138,1765269056.3582735,222,415,0.99910814,FORWARD
139,1765269056.3793795,222,417,0.998546,FORWARD
140,1765269056.4016564,222,413,0.99900717,FORWARD
141,1765269056.4260895,222,417,0.9988961,FORWARD
142,1765269056.4486632,222,410,0.9994585,FORWARD
143,1765269056.4726737,223,402,0.99980515,FORWARD
144,1765269056.4963067,222,405,0.99967456,FORWARD
145,1765269056.5191417,223,405,0.99920964,FORWARD
146,1765269056.5510983,223,405,0.9995074,FORWARD
147,1765269056.5758576,224,402,0.99967444,FORWARD
148,1765269056.6016653,224,401,0.99991,FORWARD
149,1765269056.6264386,225,402,0.9998348,FORWARD
150,1765269056.6533153,225,402,0.9998894,FORWARD
151,1765269056.681921,224,403,0.9996793,FORWARD
152,1765269056.7085848,224,404,0.99980134,FORWARD
153,1765269056.73414,224,399,0.9998317,FORWARD
154,1765269056.7557786,224,402,0.9997868,FORWARD
155,1765269056.7778172,224,399,0.99992347,FORWARD
156,1765269056.8015933,226,399,0.99996185,FORWARD
157,1765269056.8256183,227,399,0.9999653,FORWARD
158,1765269056.849267,228,405,0.9999691,FORWARD
159,1765269056.8745089,229,405,0.99995327,FORWARD
160,1765269056.8979528,229,404,0.9999802,FORWARD
161,1765269056.9227996,231,406,0.99997723,FORWARD
162,1765269056.944632,230,411,0.9999795,FORWARD
163,1765269056.9692776,231,409,0.99997663,FORWARD
164,1765269056.991495,231,407,0.99998033,FORWARD
165,1765269057.0140393,232,411,0.99997604,FORWARD
166,1765269057.036999,232,409,0.99997604,FORWARD
167,1765269057.0592906,233,416,0.99997675,FORWARD
168,1765269057.0796037,232,420,0.9999738,FORWARD
169,1765269057.1034691,234,419,0.99995947,FORWARD
170,1765269057.1245155,233,413,0.9999696,FORWARD
171,1765269057.1445632,234,417,0.9999831,FORWARD
172,1765269057.1643705,234,407,0.99999094,FORWARD
173,1765269057.1854417,234,412,0.9999883,FORWARD
174,1765269057.2061577,234,417,0.9999875,FORWARD
175,1765269057.228185,235,415,0.9999851,FORWARD
176,1765269057.252782,235,416,0.9999795,FORWARD
177,1765269057.2775805,233,415,0.9999908,FORWARD
178,1765269057.3054485,234,437,0.9999577,FORWARD
179,1765269057.3325284,230,435,0.9999305,FORWARD
180,1765269057.3578308,233,431,0.9999392,FORWARD
181,1765269057.3847384,229,420,0.9999578,FORWARD
182,1765269057.41195,229,419,0.99996674,FORWARD
183,1765269057.432717,228,411,0.99996233,FORWARD
184,1765269057.4556437,226,418,0.9998596,FORWARD
185,1765269057.4768548,225,417,0.9998667,FORWARD
186,1765269057.4983184,223,417,0.9997898,FORWARD
187,1765269057.525199,222,416,0.99980456,FORWARD
188,1765269057.5492346,222,409,0.9999052,FORWARD
189,1765269057.5701585,221,405,0.99991965,FORWARD
190,1765269057.5910034,221,403,0.99995065,FORWARD
191,1765269057.6149921,222,404,0.99994457,FORWARD
192,1765269057.639592,223,404,0.99991906,FORWARD
193,1765269057.664299,223,401,0.99993825,FORWARD
194,1765269057.6882763,224,401,0.9998864,FORWARD
195,1765269057.710694,223,402,0.99987376,FORWARD
196,1765269057.734711,224,400,0.99983084,FORWARD
197,1765269057.7576609,226,410,0.9997745,FORWARD
198,1765269057.7820325,229,407,0.99987316,FORWARD
199,1765269057.8049142,227,406,0.99994373,FORWARD
200,1765269057.8260217,227,409,0.9999397,FORWARD
201,1765269057.848149,228,413,0.9999386,FORWARD
202,1765269057.8675895,228,421,0.9999294,FORWARD
203,1765269057.888345,228,415,0.9999404,FORWARD
204,1765269057.908434,228,414,0.9999379,FORWARD
205,1765269057.9294186,228,413,0.99995136,FORWARD
206,1765269057.951908,228,414,0.99995375,FORWARD
207,1765269057.974625,229,418,0.9999162,FORWARD
208,1765269057.993754,228,421,0.99992216,FORWARD
209,1765269058.013667,230,419,0.9999225,FORWARD
210,1765269058.0343819,230,423,0.99993,FORWARD
211,1765269058.0547407,229,426,0.99990475,FORWARD
212,1765269058.0730796,231,428,0.9998671,FORWARD
213,1765269058.0927868,232,430,0.9998574,FORWARD
214,1765269058.112254,232,431,0.99988306,FORWARD
215,1765269058.132446,232,431,0.99990034,FORWARD
216,1765269058.1522279,234,433,0.9998845,FORWARD
217,1765269058.1739283,235,433,0.99990225,FORWARD
218,1765269058.194216,235,430,0.9999441,FORWARD
219,1765269058.2148135,235,436,0.99993503,FORWARD
220,1765269058.2335916,234,436,0.99995756,FORWARD
221,1765269058.2541835,234,436,0.99997115,FORWARD
222,1765269058.2743983,235,439,0.99991786,FORWARD
223,1765269058.2958164,235,445,0.99989426,FORWARD
224,1765269058.3159094,232,444,0.9998995,FORWARD
225,1765269058.3365302,234,444,0.99990547,FORWARD
226,1765269058.357622,234,444,0.99982697,FORWARD
227,1765269058.3773391,233,444,0.9998171,FORWARD
228,1765269058.3997934,231,443,0.9997948,FORWARD
229,1765269058.4213243,232,443,0.9997428,FORWARD
230,1765269058.4407432,229,443,0.9998041,FORWARD
231,1765269058.4602199,229,444,0.99978775,FORWARD
232,1765269058.4826963,226,443,0.99970585,FORWARD
233,1765269058.503922,226,443,0.9997427,FORWARD
234,1765269058.5252545,225,442,0.999705,FORWARD
235,1765269058.5464442,224,442,0.99966216,FORWARD
236,1765269058.5663898,222,443,0.99960226,FORWARD
237,1765269058.5867395,222,442,0.9994672,FORWARD
238,1765269058.6052716,222,442,0.99950635,FORWARD
239,1765269058.6249752,221,442,0.999338,FORWARD
240,1765269058.6437995,219,442,0.9993444,FORWARD
241,1765269058.664918,220,442,0.9993734,FORWARD
242,1765269058.6880167,220,442,0.9993826,FORWARD
243,1765269058.7082605,219,443,0.9994387,FORWARD
244,1765269058.728815,220,442,0.9994035,FORWARD
245,1765269058.749155,219,442,0.99926287,FORWARD
246,1765269058.7681475,218,443,0.99919385,FORWARD
247,1765269058.7886279,213,443,0.9991474,FORWARD
248,1765269058.8109832,214,443,0.9988048,FORWARD
249,1765269058.830408,213,443,0.998835,FORWARD
250,1765269058.8502781,215,443,0.9983103,FORWARD
251,1765269058.8711228,215,443,0.99801314,FORWARD
252,1765269058.8891287,214,443,0.9974953,FORWARD
253,1765269058.9113882,215,443,0.9972373,FORWARD
254,1765269058.9310913,214,444,0.99746597,FORWARD
255,1765269058.9507005,213,443,0.9979399,FORWARD
256,1765269058.970593,215,443,0.9978892,FORWARD
257,1765269058.9912252,215,443,0.9978479,FORWARD
258,1765269059.0109377,217,443,0.99732673,FORWARD
259,1765269059.0308886,219,443,0.99740547,FORWARD
260,1765269059.0510297,219,444,0.9973103,FORWARD
261,1765269059.0721922,221,444,0.9967344,FORWARD
262,1765269059.0909352,222,443,0.9965553,FORWARD
263,1765269059.111238,223,444,0.9960912,FORWARD
264,1765269059.131472,224,444,0.9974503,FORWARD
265,1765269059.1505563,225,445,0.99768317,FORWARD
266,1765269059.170374,226,444,0.9969791,FORWARD
267,1765269059.1937392,228,444,0.99617577,FORWARD
268,1765269059.2137778,231,441,0.99606365,FORWARD
269,1765269059.2351317,230,444,0.9946343,FORWARD
270,1765269059.2564218,234,444,0.99192494,FORWARD
271,1765269059.2779644,236,444,0.99386746,FORWARD
272,1765269059.296883,239,444,0.9955711,FORWARD
273,1765269059.3198402,239,444,0.99602616,FORWARD
274,1765269059.3397217,240,444,0.99736005,FORWARD
275,1765269059.3586333,242,444,0.99603206,FORWARD
276,1765269059.3786838,242,444,0.99473864,FORWARD
277,1765269059.4001622,247,444,0.9927286,FORWARD
278,1765269059.419886,248,444,0.9935275,FORWARD
279,1765269059.4394956,248,443,0.9951007,FORWARD
280,1765269059.4594646,248,444,0.99267584,FORWARD
281,1765269059.47993,248,444,0.9893841,FORWARD
282,1765269059.4988246,248,443,0.9862628,FORWARD
283,1765269059.5200357,248,443,0.985595,FORWARD
284,1765269059.5406866,248,443,0.99118304,FORWARD
285,1765269059.5598855,248,443,0.9924435,FORWARD
286,1765269059.579234,248,443,0.99341387,FORWARD
287,1765269059.5996907,248,443,0.99397355,FORWARD
288,1765269059.6190064,248,443,0.99264,FORWARD
289,1765269059.6400669,248,444,0.98690355,FORWARD
290,1765269059.6593368,248,443,0.98623544,FORWARD
291,1765269059.680978,248,443,0.9744468,FORWARD
292,1765269059.6995287,248,443,0.97228044,FORWARD
293,1765269059.720501,248,443,0.9640445,FORWARD
294,1765269059.739171,248,443,0.9544587,FORWARD
295,1765269059.7609406,248,444,0.91244125,FORWARD
296,1765269059.781822,248,444,0.9302015,FORWARD
297,1765269059.80427,248,444,0.91321486,FORWARD
298,1765269059.82678,249,444,0.92998624,FORWARD
299,1765269059.8514006,248,444,0.87690973,FORWARD
300,1765269059.8784604,249,444,0.90296954,FORWARD
301,1765269059.9021137,248,444,0.8915611,FORWARD
302,1765269059.921248,248,444,0.91331863,FORWARD
303,1765269059.9411833,248,444,0.9203476,FORWARD
304,1765269059.959768,248,444,0.86972123,FORWARD
305,1765269059.9799533,248,444,0.90092313,FORWARD
306,1765269060.0005908,248,444,0.91895175,FORWARD
307,1765269060.0302002,249,444,0.9016562,FORWARD
308,1765269060.0497775,248,444,0.92800045,FORWARD
309,1765269060.0696256,248,444,0.9334378,FORWARD
310,1765269060.0918899,248,444,0.908906,FORWARD
311,1765269060.110983,248,444,0.9100047,FORWARD
312,1765269060.130587,248,444,0.91493917,FORWARD
313,1765269060.1502337,248,444,0.923976,FORWARD
314,1765269060.171296,248,444,0.9293254,FORWARD
315,1765269060.1907268,248,444,0.9102495,FORWARD
316,1765269060.2159004,248,443,0.95693564,FORWARD
317,1765269060.2372856,248,443,0.9572514,FORWARD
318,1765269060.2587824,248,443,0.93014425,FORWARD
319,1765269060.2785819,248,443,0.91044915,FORWARD
320,1765269060.2981224,248,443,0.93829113,FORWARD
321,1765269060.3182993,248,444,0.8962636,FORWARD
322,1765269060.3379633,248,444,0.84040177,FORWARD
323,1765269060.357398,248,444,0.8564324,FORWARD
324,1765269060.376478,248,444,0.85799986,FORWARD
325,1765269060.399424,248,444,0.84139776,FORWARD
326,1765269060.4183831,248,444,0.8341028,FORWARD
327,1765269060.4389238,248,444,0.8429036,FORWARD
328,1765269060.4597383,248,444,0.91563576,FORWARD
329,1765269060.4802182,248,444,0.9225328,FORWARD
330,1765269060.4988127,248,444,0.78106433,FORWARD
331,1765269060.5179715,248,444,0.8387823,FORWARD
332,1765269060.538556,248,444,0.7989562,FORWARD
333,1765269060.5595353,248,444,0.865633,FORWARD
334,1765269060.5807314,248,444,0.83899003,FORWARD
335,1765269060.6012642,248,444,0.859669,FORWARD
336,1765269060.6196244,248,444,0.6755495,FORWARD
337,1765269060.6386614,248,444,0.69063413,FORWARD
338,1765269060.6577768,248,444,0.6883948,FORWARD
339,1765269060.6794608,249,445,0.59926486,FORWARD
340,1765269060.6996417,248,445,0.5587333,FORWARD
341,1765269060.718592,248,444,0.63853407,FORWARD
342,1765269060.7401853,248,444,0.7143659,FORWARD
343,1765269060.7612715,248,444,0.7755799,FORWARD
344,1765269060.7809565,249,444,0.7347054,FORWARD
345,1765269060.8012478,248,444,0.8312628,FORWARD
346,1765269060.8192165,248,444,0.8719074,FORWARD
347,1765269060.839828,248,444,0.82273126,FORWARD
348,1765269060.86191,248,444,0.78981984,FORWARD
349,1765269060.883657,248,444,0.8045888,FORWARD
350,1765269060.9033594,248,444,0.78216916,FORWARD
351,1765269060.9249575,248,444,0.7736278,FORWARD
352,1765269060.946479,248,444,0.74695605,FORWARD
353,1765269060.966992,248,444,0.77815276,FORWARD
354,1765269060.9876966,248,444,0.77323073,FORWARD
355,1765269061.0090747,248,444,0.80138737,FORWARD
356,1765269061.0299976,248,444,0.85090864,FORWARD
357,1765269061.0539768,248,444,0.8046134,FORWARD
358,1765269061.0735765,248,444,0.8063714,FORWARD
359,1765269061.0923667,248,444,0.8180158,FORWARD
360,1765269061.113254,248,444,0.66828525,FORWARD
361,1765269061.1333706,248,444,0.7855057,FORWARD
362,1765269061.1531959,248,444,0.7714748,FORWARD
363,1765269061.1732998,248,444,0.780882,FORWARD
364,1765269061.1923099,248,444,0.80028176,FORWARD
365,1765269061.2130196,248,444,0.6953739,FORWARD
366,1765269061.2329764,248,444,0.6356223,FORWARD
367,1765269061.2521062,248,444,0.7887268,FORWARD
368,1765269061.2732646,248,444,0.70698243,FORWARD
369,1765269061.2999084,248,444,0.64597917,FORWARD
370,1765269061.322168,248,444,0.73819757,FORWARD
371,1765269061.3535352,248,444,0.7509312,FORWARD
372,1765269061.3820221,248,444,0.7240458,FORWARD
373,1765269061.417429,248,444,0.6512405,FORWARD
374,1765269061.4521806,248,444,0.58507687,FORWARD
375,1765269061.4846525,248,444,0.68010515,FORWARD
376,1765269061.5105126,248,444,0.713793,FORWARD
377,1765269061.5359182,248,444,0.8093345,FORWARD
378,1765269061.5635982,248,444,0.8576462,FORWARD
379,1765269061.5909297,248,444,0.8133209,FORWARD
380,1765269061.6343923,248,444,0.7294542,FORWARD
381,1765269061.6594243,248,444,0.6887998,FORWARD
382,1765269061.6908748,248,444,0.73629534,FORWARD
383,1765269061.723853,248,444,0.7537926,FORWARD
384,1765269061.7495883,248,444,0.77538174,FORWARD
385,1765269061.779774,248,444,0.81030077,FORWARD
386,1765269061.8107848,248,444,0.8553989,FORWARD
387,1765269061.841592,248,444,0.8029947,FORWARD
388,1765269061.869209,248,444,0.8678353,FORWARD
389,1765269061.8955898,248,444,0.63493955,FORWARD
390,1765269061.9208655,248,445,0.6279539,FORWARD
391,1765269061.9506369,-1,-1,0.0,SEARCH
392,1765269061.977497,248,444,0.6953841,FORWARD
393,1765269062.0081458,248,444,0.8184392,FORWARD
394,1765269062.0340228,248,444,0.90966296,FORWARD
395,1765269062.0600734,248,444,0.92166483,FORWARD
396,1765269062.0805955,248,444,0.94406474,FORWARD
397,1765269062.1018012,248,444,0.8785043,FORWARD
398,1765269062.130689,248,444,0.8158565,FORWARD
399,1765269062.1520352,248,444,0.86780065,FORWARD
400,1765269062.1737764,249,444,0.8583284,FORWARD
401,1765269062.2063577,248,444,0.8725181,FORWARD
402,1765269062.229237,248,444,0.89866865,FORWARD
403,1765269062.2507322,248,444,0.9054637,FORWARD
404,1765269062.273347,248,444,0.90864444,FORWARD
405,1765269062.299399,248,444,0.9190216,FORWARD
406,1765269062.322516,248,444,0.94832844,FORWARD
407,1765269062.343999,248,444,0.96020675,FORWARD
408,1765269062.367048,248,444,0.9581455,FORWARD
409,1765269062.3902974,248,443,0.9574109,FORWARD
410,1765269062.4160566,248,443,0.96010375,FORWARD
411,1765269062.442536,248,444,0.9526094,FORWARD
412,1765269062.4729555,248,444,0.9372222,FORWARD
413,1765269062.5023713,248,444,0.9558186,FORWARD
414,1765269062.530881,248,444,0.9443637,FORWARD
415,1765269062.5537467,248,444,0.9193792,FORWARD
416,1765269062.5742733,248,444,0.84136367,FORWARD
417,1765269062.5934293,248,445,0.77124727,FORWARD
418,1765269062.6145825,249,444,0.86112624,FORWARD
419,1765269062.6362245,248,444,0.8186621,FORWARD
420,1765269062.6553586,248,444,0.7526898,FORWARD
421,1765269062.6797826,248,445,0.7299575,FORWARD
422,1765269062.6983452,249,445,0.69893634,FORWARD
423,1765269062.7194436,248,444,0.74948573,FORWARD
424,1765269062.7395258,248,444,0.88651097,FORWARD
425,1765269062.7602353,248,444,0.9305169,FORWARD
426,1765269062.7795439,248,443,0.9064915,FORWARD
427,1765269062.8009737,248,443,0.9660593,FORWARD
428,1765269062.8197849,248,443,0.9743078,FORWARD
429,1765269062.8412585,248,443,0.9766208,FORWARD
430,1765269062.8618639,248,444,0.9781698,FORWARD
431,1765269062.881471,248,444,0.9892469,FORWARD
432,1765269062.9007406,248,444,0.9907995,FORWARD
433,1765269062.9210331,248,444,0.9914226,FORWARD
434,1765269062.942463,243,444,0.9965834,FORWARD
435,1765269062.962671,241,444,0.994466,FORWARD
436,1765269062.9823186,239,444,0.99571335,FORWARD
437,1765269063.002846,239,444,0.9964978,FORWARD
438,1765269063.0219145,238,444,0.9960968,FORWARD
439,1765269063.0428083,236,444,0.9959545,FORWARD
440,1765269063.0636587,235,445,0.99484164,FORWARD
441,1765269063.0833347,232,445,0.99642855,FORWARD
442,1765269063.102544,231,445,0.9960615,FORWARD
443,1765269063.122837,229,444,0.99595094,FORWARD
444,1765269063.1428366,232,443,0.9952004,FORWARD
445,1765269063.1621375,235,443,0.9959378,FORWARD
446,1765269063.185884,235,443,0.99502146,FORWARD
447,1765269063.2059085,237,443,0.99451196,FORWARD
448,1765269063.225517,239,443,0.9945839,FORWARD
449,1765269063.2481482,241,443,0.99236476,FORWARD
450,1765269063.2672358,237,444,0.9929007,FORWARD
451,1765269063.2882574,239,441,0.99320364,FORWARD
452,1765269063.3087971,238,442,0.99425805,FORWARD
453,1765269063.3283725,238,441,0.99603635,FORWARD
454,1765269063.3475254,233,441,0.9962603,FORWARD
455,1765269063.3697805,238,443,0.99628663,FORWARD
456,1765269063.3890445,237,442,0.99717927,FORWARD
457,1765269063.4130163,235,442,0.9985304,FORWARD
458,1765269063.4326978,233,443,0.99788374,FORWARD
459,1765269063.4525363,228,442,0.9983917,FORWARD
460,1765269063.4727852,226,443,0.99209374,FORWARD
461,1765269063.4953303,225,442,0.9984022,FORWARD
462,1765269063.516432,227,443,0.9986461,FORWARD
463,1765269063.5371802,239,443,0.99933124,FORWARD
464,1765269063.556982,236,443,0.9993166,FORWARD
465,1765269063.5761673,241,445,0.99967337,FORWARD
466,1765269063.5951242,239,444,0.9993862,FORWARD
467,1765269063.6165724,241,445,0.9997565,FORWARD
468,1765269063.63857,242,445,0.9997652,FORWARD
469,1765269063.6622565,242,445,0.99975485,FORWARD
470,1765269063.6802406,239,445,0.9997242,FORWARD
471,1765269063.6998477,237,445,0.99970007,FORWARD
472,1765269063.722643,238,445,0.99973696,FORWARD
473,1765269063.7456334,238,445,0.99960464,FORWARD
474,1765269063.767075,235,445,0.9995766,FORWARD
475,1765269063.7893343,239,446,0.9997813,FORWARD
476,1765269063.8089004,237,447,0.9997285,FORWARD
477,1765269063.829539,236,446,0.99935573,FORWARD
478,1765269063.8490572,235,449,0.9995832,FORWARD
479,1765269063.868368,237,451,0.9996331,FORWARD
480,1765269063.888555,239,450,0.9994727,FORWARD
481,1765269063.9085317,239,452,0.999617,FORWARD
482,1765269063.9291363,239,453,0.9998117,FORWARD
483,1765269063.9519658,238,458,0.9996742,FORWARD
484,1765269063.9707131,239,459,0.9996778,FORWARD
485,1765269063.9897165,240,456,0.9996221,FORWARD
486,1765269064.0109954,237,457,0.9991136,FORWARD
487,1765269064.03086,241,455,0.9992331,FORWARD
488,1765269064.0487401,239,458,0.9985455,FORWARD
489,1765269064.0681596,238,465,0.99957377,FORWARD
490,1765269064.0890462,239,469,0.9997799,FORWARD
491,1765269064.1083627,240,466,0.9998338,FORWARD
492,1765269064.12803,239,468,0.9995297,FORWARD
493,1765269064.1471303,239,465,0.9993948,FORWARD
494,1765269064.1678004,240,461,0.9998522,FORWARD
495,1765269064.1878376,242,452,0.99990606,FORWARD
496,1765269064.2084944,241,460,0.99997437,FORWARD
497,1765269064.2286773,243,448,0.99996746,FORWARD
498,1765269064.249006,242,455,0.9999598,FORWARD
499,1765269064.2682323,244,452,0.99991536,FORWARD
500,1765269064.2878382,239,449,0.9999907,FORWARD
501,1765269064.3103907,239,448,0.99999225,FORWARD
502,1765269064.329302,239,447,0.9999919,FORWARD
503,1765269064.3485923,239,444,0.9999902,FORWARD
504,1765269064.3676517,241,442,0.99997985,FORWARD
505,1765269064.3874004,240,441,0.99997807,FORWARD
506,1765269064.406748,240,438,0.999962,FORWARD
507,1765269064.4272277,239,438,0.99994993,FORWARD
508,1765269064.4475877,239,438,0.9999025,FORWARD
509,1765269064.4664962,240,440,0.9998617,FORWARD
510,1765269064.4876275,239,441,0.99986935,FORWARD
511,1765269064.5072985,237,444,0.99990594,FORWARD
512,1765269064.526571,237,450,0.9998605,FORWARD
513,1765269064.5456345,237,446,0.9998901,FORWARD
514,1765269064.5653596,238,452,0.9999416,FORWARD
515,1765269064.5852044,237,433,0.99996793,FORWARD
516,1765269064.604766,237,430,0.9999386,FORWARD
517,1765269064.623795,237,436,0.99991643,FORWARD
518,1765269064.645973,236,429,0.99994195,FORWARD
519,1765269064.6696115,236,440,0.9999293,FORWARD
520,1765269064.6907477,236,431,0.9999156,FORWARD
521,1765269064.710612,236,437,0.9998492,FORWARD
522,1765269064.7305412,236,432,0.9998301,FORWARD
523,1765269064.748895,236,433,0.9998622,FORWARD
524,1765269064.7712753,235,432,0.9999044,FORWARD
525,1765269064.790793,235,439,0.9998543,FORWARD
526,1765269064.809217,234,430,0.99986374,FORWARD
527,1765269064.8287592,234,435,0.99987817,FORWARD
528,1765269064.84895,235,437,0.99975055,FORWARD
529,1765269064.8686454,235,435,0.99983346,FORWARD
530,1765269064.888733,236,439,0.9997054,FORWARD
531,1765269064.908573,236,436,0.99974865,FORWARD
532,1765269064.9289243,235,434,0.9998067,FORWARD
533,1765269064.950958,234,430,0.99976844,FORWARD
534,1765269064.9715607,236,432,0.99975604,FORWARD
535,1765269064.9906917,236,432,0.999696,FORWARD
536,1765269065.0089302,235,436,0.9996958,FORWARD
537,1765269065.0293245,237,441,0.9996146,FORWARD
538,1765269065.0499973,236,448,0.9995074,FORWARD
539,1765269065.0690956,237,440,0.9997631,FORWARD
540,1765269065.0876546,236,436,0.999694,FORWARD
541,1765269065.1079807,237,436,0.9997037,FORWARD
542,1765269065.128047,237,453,0.99889094,FORWARD
543,1765269065.1474988,236,445,0.99912435,FORWARD
544,1765269065.166625,236,435,0.9995161,FORWARD
545,1765269065.1856656,236,437,0.99955446,FORWARD
546,1765269065.205339,235,427,0.9998735,FORWARD
547,1765269065.2265992,236,429,0.99980444,FORWARD
548,1765269065.2448556,237,428,0.999894,FORWARD
549,1765269065.2641573,236,432,0.9997923,FORWARD
550,1765269065.2832153,236,438,0.9996743,FORWARD
551,1765269065.3038874,234,432,0.99985695,FORWARD
552,1765269065.3243873,234,430,0.99981934,FORWARD
553,1765269065.3435616,234,436,0.9998566,FORWARD
554,1765269065.3634205,233,432,0.99989915,FORWARD
555,1765269065.3812544,234,435,0.9998022,FORWARD
556,1765269065.4001873,234,436,0.9998172,FORWARD
557,1765269065.4218585,236,443,0.9993759,FORWARD
558,1765269065.4414306,236,437,0.9995403,FORWARD
559,1765269065.4593024,235,434,0.9995536,FORWARD
560,1765269065.4800167,234,431,0.9997025,FORWARD
561,1765269065.4997704,234,434,0.9995302,FORWARD
562,1765269065.5195503,234,437,0.99946004,FORWARD
563,1765269065.5384934,234,431,0.9998497,FORWARD
564,1765269065.5583496,233,432,0.99978656,FORWARD
565,1765269065.579746,233,434,0.9996866,FORWARD
566,1765269065.5979414,232,436,0.99971145,FORWARD
567,1765269065.616586,232,434,0.9998084,FORWARD
568,1765269065.6360269,233,435,0.9995523,FORWARD
569,1765269065.6550057,232,433,0.9997123,FORWARD
570,1765269065.6746602,232,430,0.99981695,FORWARD
571,1765269065.6937776,231,433,0.9997707,FORWARD
572,1765269065.7146893,231,433,0.9998604,FORWARD
573,1765269065.734185,232,433,0.9997842,FORWARD
574,1765269065.7539535,232,430,0.9998925,FORWARD
575,1765269065.7735775,233,431,0.9998683,FORWARD
576,1765269065.7931387,233,430,0.9998685,FORWARD
577,1765269065.8127055,233,432,0.9998958,FORWARD
578,1765269065.8311357,232,434,0.9998888,FORWARD
579,1765269065.8498926,232,432,0.9999267,FORWARD
580,1765269065.8709886,232,433,0.99993706,FORWARD
581,1765269065.8888686,232,432,0.9999037,FORWARD
582,1765269065.9088607,232,434,0.99986637,FORWARD
583,1765269065.9284394,232,436,0.99967754,FORWARD
584,1765269065.948602,233,436,0.9996112,FORWARD
585,1765269065.9671435,233,440,0.99836165,FORWARD
586,1765269065.9867594,233,441,0.9988972,FORWARD
587,1765269066.0059216,232,444,0.9985007,FORWARD
588,1765269066.02564,232,445,0.99815196,FORWARD
589,1765269066.0455666,234,437,0.9997564,FORWARD
590,1765269066.066176,234,439,0.99975735,FORWARD
591,1765269066.0849953,234,439,0.9997595,FORWARD
592,1765269066.105953,235,436,0.99980587,FORWARD
593,1765269066.1238751,234,442,0.99922407,FORWARD
594,1765269066.1443238,234,439,0.9993894,FORWARD
595,1765269066.1636178,235,438,0.9997391,FORWARD
596,1765269066.18317,235,438,0.99959964,FORWARD
597,1765269066.2018032,235,441,0.9992544,FORWARD
598,1765269066.2222111,235,438,0.9988642,FORWARD
599,1765269066.2416635,236,436,0.99892277,FORWARD
600,1765269066.2611954,238,434,0.9996339,FORWARD
601,1765269066.2799087,238,432,0.9995735,FORWARD
602,1765269066.2980545,238,432,0.9995846,FORWARD
603,1765269066.3166883,238,434,0.9996455,FORWARD
604,1765269066.337488,238,433,0.9996332,FORWARD
605,1765269066.3568292,238,433,0.9994454,FORWARD
606,1765269066.376262,238,434,0.9996779,FORWARD
607,1765269066.3947573,237,438,0.99960166,FORWARD
608,1765269066.416277,237,439,0.99971205,FORWARD
609,1765269066.4359312,237,438,0.9997019,FORWARD
610,1765269066.4551787,237,437,0.9997726,FORWARD
611,1765269066.47463,237,436,0.9997378,FORWARD
612,1765269066.4938927,237,436,0.9996486,FORWARD
613,1765269066.5160844,237,435,0.9996131,FORWARD
614,1765269066.534745,237,435,0.99968207,FORWARD
615,1765269066.5537708,237,435,0.99956757,FORWARD
616,1765269066.5740912,237,434,0.9994418,FORWARD
617,1765269066.5950997,237,441,0.99884003,FORWARD
618,1765269066.6141772,236,440,0.99884486,FORWARD
619,1765269066.6332006,236,440,0.9985197,FORWARD
620,1765269066.6535304,236,439,0.9984666,FORWARD
621,1765269066.6724863,237,438,0.9985434,FORWARD
622,1765269066.691979,236,438,0.9988575,FORWARD
623,1765269066.7111537,236,437,0.9988857,FORWARD
624,1765269066.7353303,236,441,0.99845815,FORWARD
625,1765269066.7552783,236,440,0.99825686,FORWARD
626,1765269066.7753198,237,440,0.9984285,FORWARD
627,1765269066.7960973,236,439,0.998387,FORWARD
628,1765269066.8203301,236,439,0.99815,FORWARD
629,1765269066.8399453,236,438,0.99855775,FORWARD
630,1765269066.8608925,236,442,0.9979684,FORWARD
631,1765269066.8812153,235,440,0.99830085,FORWARD
632,1765269066.9000928,235,440,0.99781275,FORWARD
633,1765269066.9205568,235,442,0.99813485,FORWARD
634,1765269066.9410152,236,443,0.9983255,FORWARD
635,1765269066.9599347,236,437,0.99746466,FORWARD
636,1765269066.9793441,235,441,0.9965946,FORWARD
637,1765269066.998999,236,439,0.99661887,FORWARD
638,1765269067.020046,236,436,0.9961138,FORWARD
639,1765269067.0388353,235,437,0.99798226,FORWARD
640,1765269067.0579662,236,435,0.9973936,FORWARD
641,1765269067.0777774,236,438,0.9971392,FORWARD
642,1765269067.0978923,236,454,0.99305624,FORWARD
643,1765269067.1178763,236,450,0.99454933,FORWARD
644,1765269067.1363509,236,449,0.9963135,FORWARD
645,1765269067.156428,234,444,0.99604887,FORWARD
646,1765269067.175592,236,446,0.9951338,FORWARD
647,1765269067.194939,236,444,0.9966126,FORWARD
648,1765269067.2143645,236,443,0.99556667,FORWARD
649,1765269067.2367454,235,454,0.9948512,FORWARD
650,1765269067.2566645,235,446,0.99396604,FORWARD
651,1765269067.2754407,235,432,0.9958039,FORWARD
652,1765269067.294358,235,434,0.99529713,FORWARD
653,1765269067.3146193,235,427,0.9965049,FORWARD
654,1765269067.3354785,234,430,0.9956318,FORWARD
655,1765269067.3533902,233,434,0.9931491,FORWARD
656,1765269067.37232,232,436,0.99246746,FORWARD
657,1765269067.3903828,233,431,0.99147964,FORWARD
658,1765269067.4092348,233,429,0.9945616,FORWARD
659,1765269067.4318457,233,426,0.99647766,FORWARD
660,1765269067.44962,233,434,0.9946078,FORWARD
661,1765269067.4699538,234,425,0.99845946,FORWARD
662,1765269067.4904544,234,418,0.9986002,FORWARD
663,1765269067.5093927,235,424,0.9963265,FORWARD
664,1765269067.5284925,234,433,0.993461,FORWARD
665,1765269067.547197,234,431,0.99372673,FORWARD
666,1765269067.567584,232,450,0.9914346,FORWARD
667,1765269067.5872436,233,436,0.9955481,FORWARD
668,1765269067.6064997,233,435,0.99480104,FORWARD
669,1765269067.6271176,233,447,0.993743,FORWARD
670,1765269067.648036,233,445,0.9925287,FORWARD
671,1765269067.6666203,232,438,0.995539,FORWARD
672,1765269067.685516,232,432,0.9963037,FORWARD
673,1765269067.7062812,232,434,0.9980678,FORWARD
674,1765269067.726777,232,431,0.9979412,FORWARD
675,1765269067.746861,232,432,0.99757993,FORWARD
676,1765269067.7670891,230,438,0.99812096,FORWARD
677,1765269067.785729,231,439,0.9981692,FORWARD
678,1765269067.8060791,231,444,0.9982962,FORWARD
679,1765269067.8248217,230,434,0.9988955,FORWARD
680,1765269067.8463192,229,437,0.998505,FORWARD
681,1765269067.8669882,230,428,0.9987061,FORWARD
682,1765269067.8858068,230,430,0.9984647,FORWARD
683,1765269067.9052634,229,421,0.9991867,FORWARD
684,1765269067.924763,228,417,0.9991015,FORWARD
685,1765269067.9459765,229,423,0.9984755,FORWARD
686,1765269067.9651687,228,418,0.9990717,FORWARD
687,1765269067.9836571,228,414,0.9993666,FORWARD
688,1765269068.003543,227,409,0.999423,FORWARD
689,1765269068.0229897,226,418,0.9983987,FORWARD
690,1765269068.0417757,225,425,0.99773705,FORWARD
691,1765269068.0609884,226,430,0.9968142,FORWARD
692,1765269068.0802321,225,429,0.9980117,FORWARD
693,1765269068.0994215,224,431,0.99887604,FORWARD
694,1765269068.1182406,223,425,0.9983766,FORWARD
695,1765269068.13739,221,417,0.99880016,FORWARD
696,1765269068.1585798,221,445,0.994518,FORWARD
697,1765269068.1783786,220,416,0.9993599,FORWARD
698,1765269068.1970744,217,426,0.9985316,FORWARD
699,1765269068.2184103,215,461,0.9959363,FORWARD
700,1765269068.2374494,214,437,0.9967713,FORWARD
701,1765269068.2568018,213,425,0.9994646,FORWARD
702,1765269068.2776313,212,461,0.9964669,FORWARD
703,1765269068.2981796,209,434,0.9990339,FORWARD
704,1765269068.318873,210,443,0.997624,FORWARD
705,1765269068.3382525,204,460,0.99448085,FORWARD
706,1765269068.359072,206,450,0.99661034,FORWARD
707,1765269068.3802578,206,434,0.99892515,FORWARD
708,1765269068.3989527,206,442,0.99784267,FORWARD
709,1765269068.4190488,206,436,0.9986903,FORWARD
710,1765269068.4415658,207,435,0.99866664,FORWARD
711,1765269068.4602776,206,442,0.9981457,FORWARD
712,1765269068.4806602,207,443,0.9982768,FORWARD
713,1765269068.5011587,209,444,0.99931943,FORWARD
714,1765269068.5212677,209,447,0.9996842,FORWARD
715,1765269068.539088,209,443,0.99975735,FORWARD
716,1765269068.561094,209,446,0.9996189,FORWARD
717,1765269068.5807464,209,449,0.9997657,FORWARD
718,1765269068.5994127,210,454,0.9998779,FORWARD
719,1765269068.619933,210,450,0.9998542,FORWARD
720,1765269068.638981,210,458,0.9999094,FORWARD
721,1765269068.6596882,209,460,0.9999242,FORWARD
722,1765269068.6792996,208,457,0.9999137,FORWARD
723,1765269068.6986341,209,455,0.99992645,FORWARD
724,1765269068.7186353,208,459,0.9999267,FORWARD
725,1765269068.7368457,210,455,0.99994624,FORWARD
726,1765269068.7567303,211,454,0.9999484,FORWARD
727,1765269068.7779315,211,451,0.99994636,FORWARD
728,1765269068.8000517,212,453,0.9999304,FORWARD
729,1765269068.8206775,213,451,0.9999131,FORWARD
730,1765269068.840633,212,446,0.9999448,FORWARD
731,1765269068.8592417,212,452,0.9998287,FORWARD
732,1765269068.8785477,213,455,0.99975497,FORWARD
733,1765269068.8985193,214,457,0.99960214,FORWARD
734,1765269068.921234,213,457,0.9990069,FORWARD
735,1765269068.9400284,211,455,0.99963117,FORWARD
736,1765269068.9593956,213,453,0.99958605,FORWARD
737,1765269068.979144,212,456,0.99992204,FORWARD
738,1765269069.0001557,212,454,0.9998987,FORWARD
739,1765269069.0203426,211,456,0.99992204,FORWARD
740,1765269069.0386744,212,449,0.9999441,FORWARD
741,1765269069.0599737,213,448,0.9999051,FORWARD
742,1765269069.080291,212,448,0.99977416,FORWARD
743,1765269069.0997932,213,447,0.9996697,FORWARD
744,1765269069.1190841,212,446,0.9996412,FORWARD
745,1765269069.1396377,209,445,0.9992163,FORWARD
746,1765269069.158631,206,445,0.99847263,FORWARD
747,1765269069.1795158,205,445,0.9984224,FORWARD
748,1765269069.2013948,208,445,0.99824893,FORWARD
749,1765269069.2197678,204,446,0.99883765,FORWARD
750,1765269069.239173,209,444,0.99807847,FORWARD
751,1765269069.2635398,208,444,0.9978824,FORWARD
752,1765269069.2829578,209,444,0.9979699,FORWARD
753,1765269069.303123,207,443,0.9982882,FORWARD
754,1765269069.3232677,202,443,0.99827826,FORWARD
755,1765269069.3439786,199,443,0.99877137,TURN_LEFT
756,1765269069.3645291,199,445,0.9981725,TURN_LEFT
757,1765269069.3861408,197,445,0.9985631,TURN_LEFT
758,1765269069.405365,198,445,0.9978877,TURN_LEFT
759,1765269069.4268324,199,445,0.9985965,TURN_LEFT
760,1765269069.4475589,200,443,0.9986493,FORWARD
761,1765269069.4674387,202,444,0.9986572,FORWARD
762,1765269069.4903553,204,443,0.9992447,FORWARD
763,1765269069.5102432,205,443,0.9991067,FORWARD
764,1765269069.5292907,207,443,0.99910516,FORWARD
765,1765269069.5502872,208,443,0.99874437,FORWARD
766,1765269069.5703442,210,443,0.9988018,FORWARD
767,1765269069.5896492,214,443,0.9989644,FORWARD
768,1765269069.6106842,216,444,0.9989662,FORWARD
769,1765269069.6313865,219,443,0.9988053,FORWARD
770,1765269069.6504252,221,443,0.99864644,FORWARD
771,1765269069.67087,223,444,0.998271,FORWARD
772,1765269069.6917527,225,445,0.99628985,FORWARD
773,1765269069.711249,227,445,0.9943895,FORWARD
774,1765269069.73059,231,440,0.993996,FORWARD
775,1765269069.752729,232,445,0.99144006,FORWARD
776,1765269069.7738514,236,445,0.98795086,FORWARD
777,1765269069.793631,237,445,0.9885133,FORWARD
778,1765269069.8144155,240,445,0.99532795,FORWARD
779,1765269069.8338034,244,445,0.98594403,FORWARD
780,1765269069.8575532,246,444,0.9919193,FORWARD
781,1765269069.8782132,248,443,0.99387723,FORWARD
782,1765269069.8996947,248,443,0.99152946,FORWARD
783,1765269069.9303272,248,443,0.9765364,FORWARD
784,1765269069.9617863,248,444,0.9608883,FORWARD
785,1765269069.9955642,248,443,0.9820894,FORWARD
786,1765269070.0267382,248,444,0.9500259,FORWARD
787,1765269070.0460358,249,444,0.9465998,FORWARD
788,1765269070.0654278,248,444,0.9388037,FORWARD
789,1765269070.0846581,248,444,0.90361637,FORWARD
790,1765269070.1055162,248,444,0.89210975,FORWARD
791,1765269070.1259258,249,444,0.87118906,FORWARD
792,1765269070.145745,248,444,0.8649343,FORWARD
793,1765269070.166668,248,444,0.84970653,FORWARD
794,1765269070.1867073,249,444,0.83408564,FORWARD
795,1765269070.206895,249,444,0.80446965,FORWARD
796,1765269070.2264655,248,443,0.8377264,FORWARD
797,1765269070.2452545,248,444,0.92798287,FORWARD
798,1765269070.2653177,248,444,0.8991919,FORWARD
799,1765269070.2871966,249,444,0.6472287,FORWARD
800,1765269070.3070645,248,444,0.52136654,FORWARD
801,1765269070.326756,248,444,0.6830773,FORWARD
802,1765269070.3469427,248,445,0.51735175,FORWARD
803,1765269070.3682225,248,444,0.66377133,FORWARD
804,1765269070.38758,248,444,0.7574577,FORWARD
805,1765269070.4075797,248,444,0.5741413,FORWARD
806,1765269070.428111,248,445,0.50586534,FORWARD
807,1765269070.4487827,248,444,0.670888,FORWARD
808,1765269070.4697325,248,444,0.5538193,FORWARD
809,1765269070.4895353,-1,-1,0.0,SEARCH
810,1765269070.509414,248,444,0.65910393,FORWARD
811,1765269070.529736,248,444,0.74529815,FORWARD
812,1765269070.5507138,248,444,0.57455266,FORWARD
813,1765269070.570764,248,444,0.7030781,FORWARD
814,1765269070.5885098,248,444,0.65913653,FORWARD
815,1765269070.6082237,248,444,0.6391563,FORWARD
816,1765269070.627283,248,444,0.6286546,FORWARD
817,1765269070.6493435,248,444,0.5350619,FORWARD
818,1765269070.6674726,-1,-1,0.0,SEARCH
819,1765269070.6880474,-1,-1,0.0,SEARCH
820,1765269070.708334,248,444,0.576026,FORWARD
821,1765269070.7291121,248,444,0.5074929,FORWARD
822,1765269070.7471945,248,444,0.6032552,FORWARD
823,1765269070.7692404,248,444,0.5942015,FORWARD
824,1765269070.7913454,248,445,0.5245487,FORWARD
825,1765269070.8112798,249,444,0.56304586,FORWARD
826,1765269070.8326843,248,444,0.5790733,FORWARD
827,1765269070.8531232,248,444,0.5105944,FORWARD
828,1765269070.8732,248,444,0.60769767,FORWARD
829,1765269070.8941312,248,444,0.69395757,FORWARD
830,1765269070.9142022,248,444,0.6417769,FORWARD
831,1765269070.9330618,248,444,0.6357933,FORWARD
832,1765269070.9517424,248,444,0.5561988,FORWARD
833,1765269070.9711082,248,444,0.6251578,FORWARD
834,1765269070.9939106,248,444,0.64526176,FORWARD
835,1765269071.0149057,248,444,0.63343865,FORWARD
836,1765269071.034517,248,444,0.56010723,FORWARD
837,1765269071.0546901,248,444,0.5680691,FORWARD
838,1765269071.0730872,248,444,0.5558127,FORWARD
839,1765269071.0935764,-1,-1,0.0,SEARCH
840,1765269071.1143649,-1,-1,0.0,SEARCH
841,1765269071.134581,-1,-1,0.0,SEARCH
842,1765269071.1549053,-1,-1,0.0,SEARCH
843,1765269071.1738706,-1,-1,0.0,SEARCH
844,1765269071.1921709,248,444,0.5207946,FORWARD
845,1765269071.2116072,-1,-1,0.0,SEARCH
846,1765269071.2310512,-1,-1,0.0,SEARCH
847,1765269071.2498858,249,444,0.5642083,FORWARD
848,1765269071.2700117,248,445,0.51797897,FORWARD
849,1765269071.29026,-1,-1,0.0,SEARCH
850,1765269071.3093,248,444,0.54303694,FORWARD
851,1765269071.3307042,248,444,0.5724527,FORWARD
852,1765269071.3498394,248,444,0.656094,FORWARD
853,1765269071.3702128,248,444,0.57575655,FORWARD
854,1765269071.3905149,248,444,0.63750786,FORWARD
855,1765269071.4090998,248,444,0.6258446,FORWARD
856,1765269071.4295537,248,444,0.7288675,FORWARD
857,1765269071.4499128,248,444,0.74713844,FORWARD
858,1765269071.4693882,248,444,0.805338,FORWARD
859,1765269071.491939,249,444,0.86234754,FORWARD
860,1765269071.511636,249,443,0.86186314,FORWARD
861,1765269071.5329654,249,444,0.761862,FORWARD
862,1765269071.551579,248,444,0.7893947,FORWARD
863,1765269071.5698922,248,444,0.7933701,FORWARD
864,1765269071.5901043,253,444,0.9142795,FORWARD
865,1765269071.611811,250,444,0.868307,FORWARD
866,1765269071.6334138,248,443,0.7791747,FORWARD
867,1765269071.6526873,249,444,0.75096446,FORWARD
868,1765269071.6721978,248,444,0.73330677,FORWARD
869,1765269071.6936266,248,444,0.7415148,FORWARD
870,1765269071.7134976,248,444,0.84127975,FORWARD
871,1765269071.733584,248,443,0.932561,FORWARD
872,1765269071.7556086,248,444,0.9034736,FORWARD
873,1765269071.7761405,-1,-1,0.0,SEARCH
874,1765269071.796229,-1,-1,0.0,SEARCH
875,1765269071.8191237,-1,-1,0.0,SEARCH
876,1765269071.8390403,248,445,0.53520507,FORWARD
877,1765269071.8621745,249,444,0.6881235,FORWARD
878,1765269071.8830209,248,444,0.6255007,FORWARD
879,1765269071.9027295,-1,-1,0.0,SEARCH
880,1765269071.923586,-1,-1,0.0,SEARCH
881,1765269071.94417,-1,-1,0.0,SEARCH
882,1765269071.9630938,249,444,0.5941882,FORWARD
883,1765269071.9846344,248,444,0.65591526,FORWARD
884,1765269072.0050673,249,445,0.575213,FORWARD
885,1765269072.025346,249,445,0.6884715,FORWARD
886,1765269072.0454607,250,444,0.8029063,FORWARD
887,1765269072.0662384,250,445,0.6418429,FORWARD
888,1765269072.0852349,249,445,0.58982396,FORWARD
889,1765269072.1072369,248,444,0.7812175,FORWARD
890,1765269072.1277182,248,444,0.9191752,FORWARD
891,1765269072.1479223,248,444,0.9139003,FORWARD
892,1765269072.1688519,249,444,0.7514117,FORWARD
893,1765269072.1891594,248,444,0.7156944,FORWARD
894,1765269072.2087972,249,444,0.8841485,FORWARD
895,1765269072.2308135,248,444,0.951548,FORWARD
896,1765269072.2517743,249,444,0.9444796,FORWARD
897,1765269072.2705576,248,444,0.9144893,FORWARD
898,1765269072.2906566,248,444,0.94580966,FORWARD
899,1765269072.310888,249,444,0.95937157,FORWARD
900,1765269072.3308544,248,444,0.98396933,FORWARD
901,1765269072.3534608,247,444,0.9831008,FORWARD
902,1765269072.3734517,239,445,0.971521,FORWARD
903,1765269072.3969889,236,444,0.98222834,FORWARD
904,1765269072.418608,233,442,0.98947465,FORWARD
905,1765269072.4395707,230,445,0.98120534,FORWARD
906,1765269072.460501,228,440,0.9947161,FORWARD
907,1765269072.4798915,224,440,0.99140805,FORWARD
908,1765269072.5006773,220,442,0.99628866,FORWARD
909,1765269072.5217392,215,443,0.99705875,FORWARD
910,1765269072.5404341,212,441,0.99457705,FORWARD
911,1765269072.560167,207,440,0.9968689,FORWARD
912,1765269072.5803497,206,444,0.9934098,FORWARD
913,1765269072.6018116,206,444,0.9952474,FORWARD
914,1765269072.621219,204,444,0.9946979,FORWARD
915,1765269072.641625,208,444,0.99587953,FORWARD
916,1765269072.6617508,205,445,0.99443626,FORWARD
917,1765269072.681021,202,445,0.9959955,FORWARD
918,1765269072.7012167,198,445,0.994228,TURN_LEFT
919,1765269072.721505,196,445,0.99653316,TURN_LEFT
920,1765269072.7413063,194,445,0.9978934,TURN_LEFT
921,1765269072.760338,192,445,0.99828917,TURN_LEFT
922,1765269072.778971,192,445,0.9983158,TURN_LEFT
923,1765269072.8004472,191,445,0.9986343,TURN_LEFT
924,1765269072.8219373,190,445,0.99842477,TURN_LEFT
925,1765269072.8434362,190,445,0.999073,TURN_LEFT
926,1765269072.8632178,195,444,0.99902046,TURN_LEFT
927,1765269072.8852773,193,443,0.9993563,TURN_LEFT
928,1765269072.9064415,194,444,0.9988682,TURN_LEFT
929,1765269072.9264941,200,447,0.9981913,FORWARD
930,1765269072.9489267,197,448,0.9976393,TURN_LEFT
931,1765269072.969638,197,450,0.99778616,TURN_LEFT
932,1765269072.9882128,191,449,0.9976532,TURN_LEFT
933,1765269073.0080109,199,451,0.99791914,TURN_LEFT
934,1765269073.0286987,196,453,0.99749494,TURN_LEFT
935,1765269073.048271,197,456,0.99920684,TURN_LEFT
936,1765269073.0692797,196,455,0.99862266,TURN_LEFT
937,1765269073.091366,200,458,0.99928814,FORWARD
938,1765269073.1099875,200,458,0.9988212,FORWARD
939,1765269073.1308134,203,459,0.9995441,FORWARD
940,1765269073.1506777,202,463,0.9990375,FORWARD
941,1765269073.1696997,208,467,0.9994418,FORWARD
942,1765269073.1894927,209,471,0.9997464,FORWARD
943,1765269073.2102265,212,474,0.999859,FORWARD
944,1765269073.2304885,213,476,0.9998988,FORWARD
945,1765269073.2495425,212,478,0.9998764,FORWARD
946,1765269073.2685688,212,477,0.9998116,FORWARD
947,1765269073.2900252,209,480,0.9998087,FORWARD
948,1765269073.308438,210,482,0.9997528,FORWARD
949,1765269073.329478,210,484,0.99977106,FORWARD
950,1765269073.3492258,208,484,0.9995733,FORWARD
951,1765269073.3693392,208,485,0.999554,FORWARD
952,1765269073.388524,209,485,0.9997135,FORWARD
953,1765269073.409118,210,480,0.9995871,FORWARD
954,1765269073.4288933,209,475,0.999556,FORWARD
955,1765269073.450643,209,471,0.9994035,FORWARD
956,1765269073.4687552,210,467,0.99959177,FORWARD
957,1765269073.4895747,210,462,0.99960893,FORWARD
958,1765269073.5104103,208,464,0.99961287,FORWARD
959,1765269073.5295615,209,462,0.9997527,FORWARD
960,1765269073.5486894,207,462,0.999869,FORWARD
961,1765269073.5685334,208,460,0.99989307,FORWARD
962,1765269073.5887673,207,458,0.9998834,FORWARD
963,1765269073.6080446,207,458,0.999897,FORWARD
964,1765269073.6286194,207,458,0.9999298,FORWARD
965,1765269073.6489546,205,459,0.9999149,FORWARD
966,1765269073.6686614,203,457,0.9998721,FORWARD
967,1765269073.6897843,204,453,0.99979585,FORWARD
968,1765269073.709358,204,453,0.9998036,FORWARD
969,1765269073.7285624,204,450,0.9997098,FORWARD
970,1765269073.747851,205,450,0.99955827,FORWARD
971,1765269073.7693503,203,454,0.99953306,FORWARD
972,1765269073.7886596,204,454,0.99957234,FORWARD
973,1765269073.8093805,207,448,0.99931383,FORWARD
974,1765269073.82879,205,450,0.9993917,FORWARD
975,1765269073.8498795,204,447,0.9995148,FORWARD
976,1765269073.868249,202,458,0.99888784,FORWARD
977,1765269073.8881452,205,447,0.9998559,FORWARD
978,1765269073.9071913,205,450,0.9997838,FORWARD
979,1765269073.928276,206,457,0.9995788,FORWARD
980,1765269073.951862,206,454,0.9995493,FORWARD
981,1765269073.9713633,208,444,0.9998254,FORWARD
982,1765269073.9894514,207,450,0.99989176,FORWARD
983,1765269074.0087268,208,471,0.99972063,FORWARD
984,1765269074.028382,206,472,0.99966955,FORWARD
985,1765269074.049093,207,476,0.999529,FORWARD
986,1765269074.0694168,207,479,0.9992304,FORWARD
987,1765269074.089878,207,486,0.998755,FORWARD
988,1765269074.1091406,209,464,0.9998963,FORWARD
989,1765269074.1278636,209,467,0.9997253,FORWARD
990,1765269074.146456,210,460,0.9996755,FORWARD
991,1765269074.1684217,211,461,0.9996419,FORWARD
992,1765269074.1881804,211,448,0.99991024,FORWARD
993,1765269074.2073233,212,443,0.9999082,FORWARD
994,1765269074.2269533,214,448,0.999731,FORWARD
995,1765269074.246602,212,449,0.9997055,FORWARD
996,1765269074.2679048,215,452,0.99960333,FORWARD
997,1765269074.2874234,216,493,0.9920151,FORWARD
998,1765269074.3071563,215,463,0.9991491,FORWARD
999,1765269074.3290617,216,457,0.9994671,FORWARD
1000,1765269074.354117,217,465,0.97820973,FORWARD
1001,1765269074.386666,217,465,0.9777614,FORWARD
1002,1765269074.411698,217,468,0.97497046,FORWARD
1003,1765269074.4360998,216,468,0.9704766,FORWARD
1004,1765269074.4601817,216,450,0.9976046,FORWARD
1005,1765269074.4819033,216,442,0.99863416,FORWARD
1006,1765269074.50089,216,441,0.9988121,FORWARD
1007,1765269074.5288305,217,456,0.99425715,FORWARD
1008,1765269074.5515492,217,452,0.9955676,FORWARD
1009,1765269074.5732975,216,460,0.9752231,FORWARD
1010,1765269074.5966418,216,451,0.99346066,FORWARD
1011,1765269074.621878,217,450,0.99623775,FORWARD
1012,1765269074.6418843,217,451,0.99394494,FORWARD
1013,1765269074.6612844,218,443,0.99719006,FORWARD
1014,1765269074.6799207,220,432,0.99908984,FORWARD
1015,1765269074.7038329,220,433,0.9991341,FORWARD
1016,1765269074.7254944,219,433,0.9990528,FORWARD
1017,1765269074.747436,219,431,0.999311,FORWARD
1018,1765269074.767975,219,433,0.9992174,FORWARD
1019,1765269074.7905972,219,436,0.99861753,FORWARD
1020,1765269074.812431,219,448,0.9865588,FORWARD
1021,1765269074.8345637,221,433,0.9976814,FORWARD
1022,1765269074.8558948,222,432,0.9967434,FORWARD
1023,1765269074.876456,222,436,0.992789,FORWARD
1024,1765269074.9009037,224,434,0.9928302,FORWARD
1025,1765269074.9228382,224,450,0.98275775,FORWARD
1026,1765269074.9436152,224,434,0.9950942,FORWARD
1027,1765269074.9654555,227,427,0.99478006,FORWARD
1028,1765269074.987283,227,432,0.9974548,FORWARD
1029,1765269075.0142245,227,429,0.9981772,FORWARD
1030,1765269075.0388668,230,433,0.9972071,FORWARD
1031,1765269075.06213,232,426,0.9986014,FORWARD
1032,1765269075.0873725,231,424,0.99733317,FORWARD
1033,1765269075.1086624,230,426,0.99856514,FORWARD
1034,1765269075.1322541,232,424,0.99785054,FORWARD
1035,1765269075.1531289,233,430,0.9977902,FORWARD
1036,1765269075.1760464,233,436,0.99644166,FORWARD
1037,1765269075.1990423,234,433,0.99683833,FORWARD
1038,1765269075.2225778,235,426,0.99841917,FORWARD
1039,1765269075.2464907,236,427,0.998944,FORWARD
1040,1765269075.2683501,234,432,0.99928707,FORWARD
1041,1765269075.288778,234,432,0.99934703,FORWARD
1042,1765269075.3107271,236,426,0.9976484,FORWARD
1043,1765269075.333848,237,424,0.9980836,FORWARD
1044,1765269075.3547883,237,420,0.99727625,FORWARD
1045,1765269075.377522,237,422,0.99828184,FORWARD
1046,1765269075.4011276,238,426,0.999121,FORWARD
1047,1765269075.4225936,237,419,0.9981598,FORWARD
1048,1765269075.4454126,237,422,0.9979658,FORWARD
1049,1765269075.4696217,238,422,0.997879,FORWARD
1050,1765269075.4919488,237,423,0.9983211,FORWARD
1051,1765269075.5139153,238,421,0.9984347,FORWARD
1052,1765269075.5352216,236,426,0.99817264,FORWARD
1053,1765269075.5616713,237,421,0.9960614,FORWARD
1054,1765269075.5857136,235,424,0.998089,FORWARD
1055,1765269075.608093,237,418,0.99717677,FORWARD
1056,1765269075.630832,235,422,0.99920267,FORWARD
1057,1765269075.652692,234,422,0.99957746,FORWARD
1058,1765269075.6737933,234,421,0.9992336,FORWARD
1059,1765269075.6973405,234,420,0.9961331,FORWARD
1060,1765269075.7205954,237,412,0.99454206,FORWARD
1061,1765269075.7418575,235,418,0.9962249,FORWARD
1062,1765269075.7679176,235,416,0.9974663,FORWARD
1063,1765269075.7903788,237,416,0.9967243,FORWARD
1064,1765269075.814253,238,411,0.99839693,FORWARD
1065,1765269075.8399386,236,411,0.9988128,FORWARD
1066,1765269075.865014,236,413,0.9976344,FORWARD
1067,1765269075.8890297,235,411,0.99856144,FORWARD
1068,1765269075.9169414,236,409,0.9907793,FORWARD
1069,1765269075.9432943,235,410,0.9952461,FORWARD
1070,1765269075.9619563,236,406,0.99168056,FORWARD
1071,1765269075.9816654,236,413,0.99498427,FORWARD
1072,1765269076.0017593,236,413,0.9960233,FORWARD
1073,1765269076.0257702,237,411,0.9980786,FORWARD
1074,1765269076.0463002,238,418,0.9906482,FORWARD
1075,1765269076.0682867,240,414,0.99495536,FORWARD
1076,1765269076.0917556,242,415,0.99504733,FORWARD
1077,1765269076.115256,239,415,0.9909401,FORWARD
1078,1765269076.1410112,239,418,0.99039114,FORWARD
1079,1765269076.1603558,239,419,0.98836607,FORWARD
1080,1765269076.1786547,243,411,0.9975441,FORWARD
1081,1765269076.2020512,240,414,0.9955402,FORWARD
1082,1765269076.2230816,244,411,0.9974253,FORWARD
1083,1765269076.2439797,240,410,0.99570787,FORWARD
1084,1765269076.264226,242,424,0.99185175,FORWARD
1085,1765269076.2844968,240,406,0.99714714,FORWARD
1086,1765269076.3051715,240,404,0.9970515,FORWARD
1087,1765269076.3262727,245,405,0.99928445,FORWARD
1088,1765269076.3503132,246,402,0.99992156,FORWARD
1089,1765269076.371768,246,405,0.9996012,FORWARD
1090,1765269076.3933344,244,402,0.9939032,FORWARD
1091,1765269076.4152758,246,407,0.9991015,FORWARD
1092,1765269076.436427,247,407,0.9996489,FORWARD
1093,1765269076.4593267,247,407,0.9997316,FORWARD
1094,1765269076.4838984,245,408,0.9995666,FORWARD
1095,1765269076.5023286,246,408,0.99954045,FORWARD
1096,1765269076.5237982,246,408,0.99957687,FORWARD
1097,1765269076.5438437,247,407,0.9992538,FORWARD
1098,1765269076.5645072,247,407,0.99949574,FORWARD
1099,1765269076.5843132,246,407,0.9994728,FORWARD
1100,1765269076.604705,246,407,0.9995747,FORWARD
1101,1765269076.6255538,246,408,0.99836856,FORWARD
1102,1765269076.6532526,246,408,0.99894243,FORWARD
1103,1765269076.6742663,245,409,0.9976131,FORWARD
1104,1765269076.6953099,245,409,0.9977456,FORWARD
1105,1765269076.719575,246,409,0.9982693,FORWARD
1106,1765269076.7433648,245,409,0.99778986,FORWARD
1107,1765269076.7631083,246,409,0.9960627,FORWARD
1108,1765269076.7870584,246,409,0.9972372,FORWARD
1109,1765269076.8089871,246,409,0.9972372,FORWARD
1110,1765269076.830722,246,409,0.99675506,FORWARD
1111,1765269076.8536656,246,409,0.9967895,FORWARD
